{"cameraMode":{"drawMode":0,"name":"Shaded","section":"Shading Mode"},"sceneLighting":false,"audioPlay":false,"sceneViewState":{"m_AlwaysRefresh":false,"showFog":true,"showSkybox":true,"showFlares":true,"showImageEffects":true,"showParticleSystems":true,"showVisualEffectGraphs":true,"m_FxEnabled":true},"in2DMode":false,"pivot":{"x":-10.938438415527344,"y":14.428956985473633,"z":-31.863319396972658},"rotation":{"x":0.13225804269313813,"y":-0.4940563440322876,"z":0.07634254544973374,"w":0.8559162616729736},"size":89.22735595703125,"orthographic":false}