{"cameraMode":{"drawMode":0,"name":"Shaded","section":"Shading Mode"},"sceneLighting":false,"audioPlay":false,"sceneViewState":{"m_AlwaysRefresh":false,"showFog":true,"showSkybox":true,"showFlares":true,"showImageEffects":true,"showParticleSystems":true,"showVisualEffectGraphs":true,"m_FxEnabled":true},"in2DMode":false,"pivot":{"x":0.09867432713508606,"y":1.4910387992858887,"z":-0.058428943157196048},"rotation":{"x":-0.16520579159259797,"y":0.26732373237609866,"z":-0.04657626897096634,"w":-0.9481969475746155},"size":1.0260120630264283,"orthographic":false}