{"cameraMode":{"drawMode":0,"name":"Shaded","section":"Shading Mode"},"sceneLighting":false,"audioPlay":false,"sceneViewState":{"m_AlwaysRefresh":false,"showFog":true,"showSkybox":false,"showFlares":true,"showImageEffects":true,"showParticleSystems":true,"showVisualEffectGraphs":true,"m_FxEnabled":true},"in2DMode":false,"pivot":{"x":-0.9827309846878052,"y":0.3440500497817993,"z":4.541296005249023},"rotation":{"x":0.21568451821804048,"y":0.6657072305679321,"z":-0.21031257510185243,"w":0.6827136278152466},"size":0.9349194169044495,"orthographic":false}